Id,Date,AvgHeartRate,MinHeartRate,MaxHeartRate,HeartRateReadings
2022484408,2016-04-12,75.80417700578991,52,134,4836
2022484408,2016-04-13,80.33758439609902,51,156,5332
2022484408,2016-04-14,72.62859712230215,50,127,5560
2022484408,2016-04-15,80.43738211995473,53,189,5302
2022484408,2016-04-16,75.96054724785238,49,136,3143
2022484408,2016-04-17,83.9171382376718,52,161,4948
2022484408,2016-04-18,82.71282877079979,54,153,5589
2022484408,2016-04-19,81.954,54,162,4500
2022484408,2016-04-20,83.44403973509934,50,166,6040
2022484408,2016-04-21,86.37481962481962,53,203,5544
2022484408,2016-04-22,80.12544357700497,52,153,5636
2022484408,2016-04-23,71.75562470081378,50,109,4178
2022484408,2016-04-24,82.42124019957234,53,163,4209
2022484408,2016-04-25,82.59916054564533,49,159,3812
2022484408,2016-04-26,83.27837450769782,51,154,5586
2022484408,2016-04-27,80.89912181941004,38,145,4441
2022484408,2016-04-28,71.25103398669305,51,114,5561
2022484408,2016-04-29,83.41287251655629,50,134,4832
2022484408,2016-04-30,77.54921618665695,51,123,5486
2022484408,2016-05-01,73.53145917001339,44,118,4482
2022484408,2016-05-02,77.17174302533914,50,137,7814
2022484408,2016-05-03,83.01962158374212,51,169,5708
2022484408,2016-05-04,82.8033734939759,54,159,6225
2022484408,2016-05-05,80.71003111572085,55,156,6749
2022484408,2016-05-06,81.7220977976857,60,118,5358
2022484408,2016-05-07,76.06818181818181,52,128,2596
2022484408,2016-05-08,76.95872093023256,53,127,1720
2022484408,2016-05-09,81.51448231717075,51,133,6249
2022484408,2016-05-10,86.58479771148345,57,166,4894
2022484408,2016-05-11,83.52272192135625,55,138,4247
2022484408,2016-05-12,81.4136660051035,55,152,3527
2026352035,2016-04-17,68.65625,63,80,192
2026352035,2016-04-25,99.50581395348837,70,125,516
2026352035,2016-05-02,84.13457076566125,70,122,431
2026352035,2016-05-09,98.2339008142117,70,123,1351
2347167796,2016-04-12,86.08233377758033,57,172,6753
2347167796,2016-04-13,73.81290461804058,55,158,9268
2347167796,2016-04-14,72.57948213700426,52,154,9153
2347167796,2016-04-15,75.68525687977399,55,136,9557
2347167796,2016-04-16,96.62390702822357,58,168,9035
2347167796,2016-04-17,75.36218020022247,55,134,8990
2347167796,2016-04-18,71.23214476924724,53,134,9339
2347167796,2016-04-19,81.30099693251533,53,195,7824
2347167796,2016-04-20,78.18208496366685,53,161,7156
2347167796,2016-04-21,73.41425341802132,51,171,9289
2347167796,2016-04-22,71.99640209332752,53,165,9172
2347167796,2016-04-23,83.43309231897726,53,157,9543
2347167796,2016-04-24,77.57597373188406,54,127,8832
2347167796,2016-04-25,73.86135600335852,53,160,9528
2347167796,2016-04-26,71.73179652000444,49,122,9023
2347167796,2016-04-27,75.19362135263515,51,144,8842
2347167796,2016-04-28,73.40854132002218,55,138,9015
2347167796,2016-04-29,62.86971235194586,54,85,2364
4020332650,2016-04-12,83.4990136324824,49,133,33963
4020332650,2016-04-14,90.70096685082873,65,133,1448
4020332650,2016-04-15,92.92564172832739,51,191,10947
4020332650,2016-04-16,100.90332042707966,62,143,8523
4020332650,2016-04-17,98.82608695652173,66,116,69
4020332650,2016-05-02,90.300934243622,66,123,5566
4020332650,2016-05-03,77.8770095559303,52,127,35580
4020332650,2016-05-04,83.4561661803678,49,147,37357
4020332650,2016-05-05,85.57474310689543,49,126,21507
4020332650,2016-05-06,75.64283228276422,50,116,25859
4020332650,2016-05-07,89.09170410302485,64,117,16695
4020332650,2016-05-08,78.0410612388964,51,131,33998
4020332650,2016-05-09,86.66172595520422,55,155,15180
4020332650,2016-05-10,72.61970379024775,46,142,29101
4020332650,2016-05-11,91.23313239044748,64,133,8626
4020332650,2016-05-12,94.26967370441459,70,125,1042
4388161847,2016-04-13,67.04312865497076,45,130,8208
4388161847,2016-04-14,68.43871753246754,48,132,7392
4388161847,2016-04-15,67.47093970668115,44,127,9205
4388161847,2016-04-16,75.47658862876254,56,142,8970
4388161847,2016-04-17,66.39134502923977,49,113,8550
4388161847,2016-04-18,81.49099490746491,50,176,8051
4388161847,2016-04-19,65.5324563295234,46,136,9274
4388161847,2016-04-20,65.40125868055556,46,149,9216
4388161847,2016-04-21,63.099279119767296,42,146,7907
4388161847,2016-04-22,73.27719923266649,49,149,7298
4388161847,2016-04-23,67.08074201158053,44,158,9326
4388161847,2016-04-24,62.10169687175343,44,139,8663
4388161847,2016-04-25,67.51205052197449,45,150,7759
4388161847,2016-04-26,62.51359843970094,42,128,9229
4388161847,2016-04-27,62.120521869318786,42,153,9351
4388161847,2016-04-28,62.32648343180067,41,131,7786
4388161847,2016-04-29,66.10588863666712,44,133,7489
4388161847,2016-04-30,64.22769296925392,45,113,9302
4388161847,2016-05-01,60.02217947267172,39,105,8837
4388161847,2016-05-02,66.39496105160661,43,180,8216
4388161847,2016-05-03,66.62235142118863,44,135,7740
4388161847,2016-05-04,61.94766681203663,42,126,9172
4388161847,2016-05-05,61.041297935103245,42,123,7797
4388161847,2016-05-06,69.07669760625305,47,151,8188
4388161847,2016-05-07,66.62712040795088,41,153,9609
4388161847,2016-05-08,76.78011037766476,43,171,9241
4388161847,2016-05-09,64.05171717171717,44,140,7425
4388161847,2016-05-10,61.22121701669359,41,121,9285
4388161847,2016-05-11,59.97196611014204,40,125,8026
4388161847,2016-05-12,60.24690976514215,44,136,3236
4558609924,2016-04-12,76.63937719738824,57,104,5973
4558609924,2016-04-13,85.10215664018162,64,144,2643
4558609924,2016-04-14,81.55655599324704,56,108,5331
4558609924,2016-04-15,90.86349049617378,58,146,8102
4558609924,2016-04-16,76.29632320883593,55,135,6881
4558609924,2016-04-17,83.2046897899365,57,136,6141
4558609924,2016-04-18,80.4574690464705,55,141,6219
4558609924,2016-04-19,83.0984677782785,61,132,4438
4558609924,2016-04-20,76.92327166504381,57,110,5135
4558609924,2016-04-21,85.66238718698361,54,121,7867
4558609924,2016-04-22,82.56045881790665,57,140,6277
4558609924,2016-04-23,85.85146641438033,60,133,6342
4558609924,2016-04-24,83.96923312413898,58,121,6533
4558609924,2016-04-25,82.49422222222222,55,163,6750
4558609924,2016-04-26,91.335402888379,59,148,7409
4558609924,2016-04-27,84.5569756698491,60,122,6494
4558609924,2016-04-28,85.64209429538943,59,133,7678
4558609924,2016-04-29,80.55509145902347,53,139,6943
4558609924,2016-04-30,79.18702506521493,53,134,8817
4558609924,2016-05-01,70.84190403364558,53,127,5231
4558609924,2016-05-02,78.66975261799969,55,108,6589
4558609924,2016-05-03,82.52032630863359,52,148,7355
4558609924,2016-05-04,76.8313704496788,54,127,5604
4558609924,2016-05-05,81.93927185914653,48,130,6702
4558609924,2016-05-06,71.94897771228587,51,110,5429
4558609924,2016-05-07,76.24857300681275,54,116,5431
4558609924,2016-05-08,104.87147199305254,45,199,4606
4558609924,2016-05-09,79.37543278639168,54,110,6643
4558609924,2016-05-10,75.78962353685543,50,147,6322
4558609924,2016-05-11,74.92423536717901,44,138,6441
4558609924,2016-05-12,79.67777199375325,54,117,3842
5553957443,2016-04-12,64.36511350059737,50,106,8370
5553957443,2016-04-13,61.483418208918145,47,95,8051
5553957443,2016-04-14,72.56047167909696,51,133,9922
5553957443,2016-04-15,69.0200328407225,50,123,9135
5553957443,2016-04-16,66.0213644088371,50,116,8238
5553957443,2016-04-17,59.37717466945024,49,84,1437
5553957443,2016-04-18,65.3844028632425,53,91,7963
5553957443,2016-04-19,74.88753310631857,49,128,10572
5553957443,2016-04-20,60.040417526398834,48,84,8239
5553957443,2016-04-21,71.33225337951068,49,127,8951
5553957443,2016-04-22,70.42847711267606,51,128,9088
5553957443,2016-04-23,67.07407854984895,52,94,8275
5553957443,2016-04-24,63.97276314114802,50,92,7857
5553957443,2016-04-25,72.04626295690126,52,132,9165
5553957443,2016-04-26,73.01322425193321,53,128,8923
5553957443,2016-04-27,65.07076392877657,49,104,8705
5553957443,2016-04-28,71.07164801404433,51,149,9114
5553957443,2016-04-29,73.07417008111047,50,156,11959
5553957443,2016-04-30,65.77999501122474,49,89,8018
5553957443,2016-05-01,66.54344989561586,49,116,7664
5553957443,2016-05-02,72.59142652035689,50,125,9751
5553957443,2016-05-03,69.95312333155366,50,134,9365
5553957443,2016-05-04,61.67218347322378,47,108,8459
5553957443,2016-05-05,69.4014172571905,49,165,9596
5553957443,2016-05-06,63.165196696066076,51,104,7143
5553957443,2016-05-07,63.02644230769231,51,140,2496
5553957443,2016-05-08,65.5694360947457,51,110,8317
5553957443,2016-05-09,76.65612883984491,51,149,10059
5553957443,2016-05-10,76.83269438710312,53,133,10173
5553957443,2016-05-11,65.40050890585242,54,103,7860
5553957443,2016-05-12,64.19532265049806,54,107,2309
5577150313,2016-04-12,65.65607369027059,41,154,8685
5577150313,2016-04-13,59.7035779576913,44,121,3829
5577150313,2016-04-14,76.83571282888028,43,172,9806
5577150313,2016-04-15,73.68219516499029,39,157,17001
5577150313,2016-04-16,69.84255028980566,43,136,29330
5577150313,2016-04-17,71.11754189944133,40,174,8950
5577150313,2016-04-18,68.649090276973,41,165,8629
5577150313,2016-04-19,70.46025152878735,42,159,8667
5577150313,2016-04-20,69.17306809487376,45,135,6535
5577150313,2016-04-21,72.31130021769246,43,168,10106
5577150313,2016-04-22,64.64848702308336,43,132,8361
5577150313,2016-04-23,65.07899988261534,40,171,8519
5577150313,2016-04-24,72.2686495562485,40,131,8338
5577150313,2016-04-25,67.54545454545455,43,125,8877
5577150313,2016-04-26,65.35988133272478,40,122,8764
5577150313,2016-04-27,66.42827775239836,42,130,8756
5577150313,2016-04-28,70.68770690796734,40,171,9062
5577150313,2016-04-29,66.26641414141415,42,141,8712
5577150313,2016-04-30,71.55549407989378,41,138,9037
5577150313,2016-05-01,73.70357503081924,44,140,8923
5577150313,2016-05-02,64.60946601941748,43,128,4120
5577150313,2016-05-03,70.00069044879172,42,154,8690
5577150313,2016-05-04,62.24588163514338,36,143,8195
5577150313,2016-05-05,72.21057965139846,50,141,4934
5577150313,2016-05-06,70.48196015078084,48,134,3714
5577150313,2016-05-09,68.04024697004346,51,130,4373
5577150313,2016-05-10,75.29284883200573,42,172,11173
5577150313,2016-05-11,67.04067948144836,45,173,4474
6117666160,2016-04-15,97.94359728091126,57,137,5443
6117666160,2016-04-16,87.02745664739885,54,155,9688
6117666160,2016-04-17,85.35302197802197,59,130,5824
6117666160,2016-04-18,82.91442424242425,61,116,4125
6117666160,2016-04-19,83.5081252044934,53,124,9169
6117666160,2016-04-20,85.50435634937922,52,181,9182
6117666160,2016-04-21,79.40156418554477,52,154,7416
6117666160,2016-04-22,81.7020639147803,53,139,9012
6117666160,2016-04-23,81.79523809523809,54,121,9450
6117666160,2016-04-24,84.20596510973552,55,129,5331
6117666160,2016-04-26,90.57266164469554,60,136,6372
6117666160,2016-04-27,83.14904055822068,52,126,9172
6117666160,2016-04-28,80.09522625559423,54,145,8044
6117666160,2016-04-29,82.1624183006536,55,121,9180
6117666160,2016-04-30,85.34524019004047,53,189,5683
6117666160,2016-05-01,77.43914274160939,55,114,4946
6117666160,2016-05-02,91.67101621194148,61,123,2529
6117666160,2016-05-04,92.89779735682819,62,124,2270
6117666160,2016-05-05,84.71879315839796,52,120,9413
6117666160,2016-05-06,76.57278208441,54,126,3483
6117666160,2016-05-07,83.87947810703228,54,126,9044
6117666160,2016-05-08,81.14073912569498,52,118,9173
6117666160,2016-05-09,76.46606060606061,52,113,4950
6775888955,2016-04-13,82.71974376572867,55,135,4371
6775888955,2016-04-14,79.26807673389081,57,134,6099
6775888955,2016-04-15,80.59450072358901,62,126,3455
6775888955,2016-04-16,108.616298811545,70,143,589
6775888955,2016-04-17,102.36886993603412,70,118,469
6775888955,2016-04-18,97.71949784229109,66,177,2549
6775888955,2016-04-19,99.46153846153847,66,177,26
6775888955,2016-04-20,105.63590795169742,70,155,4389
6775888955,2016-04-22,90.88823529411765,66,123,340
6775888955,2016-04-24,109.78962536023054,70,140,347
6775888955,2016-04-25,94.66481994459834,58,131,1805
6775888955,2016-04-26,99.66020593579648,56,143,1651
6775888955,2016-04-28,104.70873786407768,70,134,309
6775888955,2016-04-29,81.78947368421052,70,109,19
6775888955,2016-04-30,96.10215350635008,68,125,1811
6775888955,2016-05-01,107.13917050691244,70,129,1085
6775888955,2016-05-06,98.85751072961374,71,135,2330
6775888955,2016-05-07,94.22182786157941,70,118,1127
6962181067,2016-04-12,85.03632013919095,47,176,9196
6962181067,2016-04-13,80.51959835470602,59,149,8266
6962181067,2016-04-14,70.12622079367041,55,131,8089
6962181067,2016-04-15,72.99198084979055,54,115,8355
6962181067,2016-04-16,82.04018218623482,55,142,9880
6962181067,2016-04-17,76.66448880822746,58,139,8265
6962181067,2016-04-18,76.9169910837624,55,134,7963
6962181067,2016-04-19,77.42858801672085,58,135,8612
6962181067,2016-04-20,74.90601080594327,50,137,8884
6962181067,2016-04-21,83.47130206625123,49,173,9147
6962181067,2016-04-22,79.11627137341424,55,169,9065
6962181067,2016-04-23,84.64590097402598,52,152,9856
6962181067,2016-04-24,68.82344093486059,49,114,8643
6962181067,2016-04-25,73.98988232706478,51,142,9093
6962181067,2016-04-26,77.07536166872266,51,140,8917
6962181067,2016-04-27,72.99697498545666,53,142,8595
6962181067,2016-04-28,82.0752688172043,54,174,8928
6962181067,2016-04-29,80.9635204922536,56,141,9101
6962181067,2016-04-30,80.1626647834275,53,141,8496
6962181067,2016-05-01,73.29039031620553,56,127,8096
6962181067,2016-05-02,79.67409119562933,56,140,9518
6962181067,2016-05-03,75.40436222450612,53,157,8757
6962181067,2016-05-04,79.47459105779717,55,174,9170
6962181067,2016-05-05,76.64476227290298,54,128,7761
6962181067,2016-05-06,72.33436738311545,52,114,9026
6962181067,2016-05-07,76.97600374575676,57,125,8543
6962181067,2016-05-08,74.99709744298549,54,116,7235
6962181067,2016-05-09,77.01762783095961,56,181,8566
6962181067,2016-05-10,83.32208250606662,57,184,9066
6962181067,2016-05-11,79.25104235242485,53,145,9114
6962181067,2016-05-12,75.71574096531651,60,117,4123
7007744171,2016-04-12,96.42644387940429,70,151,5506
7007744171,2016-04-13,93.00640161725067,70,144,5936
7007744171,2016-04-14,92.3463724506854,54,132,5982
7007744171,2016-04-15,84.83902094610497,60,128,4249
7007744171,2016-04-16,79.95248226950355,61,129,5640
7007744171,2016-04-17,85.97764946917489,63,127,5369
7007744171,2016-04-18,93.21345934495682,65,139,6137
7007744171,2016-04-19,94.4138051246296,67,138,5737
7007744171,2016-04-20,96.79697587495752,70,151,5886
7007744171,2016-04-21,92.19450171821306,64,136,5820
7007744171,2016-04-22,93.92858369098713,57,156,5825
7007744171,2016-04-23,93.28872775214239,66,135,3034
7007744171,2016-04-24,95.19453842435959,66,122,4138
7007744171,2016-04-25,94.64476021314387,60,137,6193
7007744171,2016-04-26,90.65212512273811,63,143,7129
7007744171,2016-04-27,95.18625238673842,71,137,5761
7007744171,2016-04-28,89.45166402535658,58,152,6310
7007744171,2016-04-29,93.94141876430206,63,145,6555
7007744171,2016-04-30,80.32344497607656,61,124,5225
7007744171,2016-05-01,84.96455424274973,57,128,4655
7007744171,2016-05-02,86.10571081409478,58,147,5761
7007744171,2016-05-03,93.36198046034112,65,138,6039
7007744171,2016-05-05,97.89637305699482,70,133,4825
7007744171,2016-05-06,87.15,62,166,5880
8792009665,2016-04-12,68.92157638065112,48,135,7587
8792009665,2016-04-13,68.50609149676778,43,121,8044
8792009665,2016-04-14,69.08939820399411,46,124,7461
8792009665,2016-04-15,66.8635228848821,49,116,3605
8792009665,2016-04-20,69.61815840309079,44,120,7765
8792009665,2016-04-21,80.80434782608695,66,108,184
8792009665,2016-04-22,70.26147822992051,44,131,8429
8792009665,2016-04-23,77.82583837273226,48,141,9095
8792009665,2016-04-24,76.03863298662705,55,120,673
8792009665,2016-04-26,69.84311892296185,54,114,5348
8792009665,2016-04-27,68.79205329526529,43,132,8406
8792009665,2016-04-28,76.701621506294,44,134,9374
8792009665,2016-04-29,80.91153025710116,48,158,8907
8792009665,2016-04-30,81.46464198625581,48,132,9022
8792009665,2016-05-01,67.81017067223964,43,123,8613
8792009665,2016-05-02,67.40391870512353,45,129,8217
8792009665,2016-05-03,74.37193973634652,45,119,8496
8792009665,2016-05-04,74.97814661134163,51,114,3615
8877689391,2016-04-12,86.54770531400966,47,164,8280
8877689391,2016-04-13,84.74373324006062,50,160,8577
8877689391,2016-04-14,85.32065217391305,50,169,8096
8877689391,2016-04-15,91.9323616955763,48,165,9743
8877689391,2016-04-16,92.05598386905469,54,172,8431
8877689391,2016-04-17,87.87448891091563,51,167,8071
8877689391,2016-04-18,66.03913176398655,48,139,6542
8877689391,2016-04-19,86.588675891837,49,178,7877
8877689391,2016-04-20,85.49429998719098,51,173,7807
8877689391,2016-04-21,87.1338696913743,53,170,7582
8877689391,2016-04-22,82.80519974635384,47,163,7885
8877689391,2016-04-23,93.94363143631436,53,165,9225
8877689391,2016-04-24,87.28239436619718,51,171,7100
8877689391,2016-04-25,89.80294243986255,49,176,9312
8877689391,2016-04-26,67.56028870648174,49,125,7066
8877689391,2016-04-27,84.78037792516581,46,163,7991
8877689391,2016-04-28,66.80925952972105,47,153,6847
8877689391,2016-04-29,64.45597935187841,47,131,6974
8877689391,2016-04-30,102.18001487726258,49,170,8066
8877689391,2016-05-01,70.71352164465986,48,145,5983
8877689391,2016-05-02,65.86236338797814,47,108,2928
8877689391,2016-05-03,67.47034908173279,48,150,7133
8877689391,2016-05-04,88.3719927687387,56,168,7191
8877689391,2016-05-05,72.85128036769534,53,142,6092
8877689391,2016-05-06,92.84012007308797,47,177,7662
8877689391,2016-05-07,100.99724106219105,56,166,8699
8877689391,2016-05-08,72.55052319225364,54,137,6403
8877689391,2016-05-09,89.61573830793483,51,176,7612
8877689391,2016-05-10,71.54437680230696,50,141,6242
8877689391,2016-05-11,89.14912169847086,48,180,7913
8877689391,2016-05-12,71.08743947593278,53,122,3511
