Id,ActiveDays,AvgSteps,AvgCalories,AvgDistance,AvgSedentaryMinutes,AvgVeryActiveMinutes,AvgLightlyActiveMinutes,SleepDays,AvgSleepHours,AvgTimeInBedHours,AvgSleepEfficiency
1503960366,31,12116.741935483871,1816.4193548387098,7.8096773855147825,848.1612903225806,38.70967741935484,219.93548387096774,25.0,6.004666666666667,6.386666666666667,93.63853096202286
1624580081,31,5743.903225806452,1483.3548387096773,3.9148387293661786,1257.741935483871,8.67741935483871,153.48387096774192,,,,
1644430081,30,7282.966666666666,2811.3,5.295333353678386,1161.8666666666666,9.566666666666666,178.46666666666667,4.0,4.9,5.766666666666667,88.20403876004858
1844505072,31,2580.064516129032,1573.483870967742,1.7061290368437774,1206.6129032258063,0.12903225806451613,115.45161290322581,3.0,10.866666666666667,16.016666666666666,67.84599375650363
1927972279,31,916.1290322580645,2172.8064516129034,0.6345161230814076,1317.4193548387098,1.3225806451612903,38.58064516129032,5.0,6.95,7.296666666666667,94.7008102905974
2022484408,31,11370.645161290322,2509.967741935484,8.084193491166635,1112.5806451612902,36.29032258064516,257.4516129032258,,,,
2026352035,31,5566.870967741936,1540.6451612903227,3.4548387152533375,689.4193548387096,0.0967741935483871,256.64516129032256,28.0,8.436309523809523,8.960714285714285,94.13413817950905
2320127002,31,4716.870967741936,1724.1612903225807,3.187741904489456,1220.0967741935483,1.3548387096774193,198.19354838709677,1.0,1.0166666666666666,1.15,88.40579710144928
2347167796,18,9519.666666666666,2043.4444444444443,6.355555535915001,687.1666666666666,13.5,252.5,15.0,7.446666666666667,8.188888888888888,91.03703669407987
2873212765,31,7555.774193548387,1916.967741935484,5.101612860156644,1097.1935483870968,14.096774193548388,308.0,,,,
3372868164,20,6861.65,1933.1,4.707000041007996,1077.55,9.15,327.9,,,,
3977333714,30,10984.566666666668,1513.6666666666667,7.516999944051109,707.5333333333333,18.9,174.76666666666668,28.0,4.894047619047619,7.685714285714285,63.36690783788377
4020332650,31,2267.2258064516127,2385.8064516129034,1.6261290389323428,1237.258064516129,5.193548387096774,76.93548387096774,8.0,5.822916666666666,6.329166666666667,93.03575827388795
4057192912,4,3838.0,1973.75,2.86250001192093,1217.25,0.75,103.0,,,,
4319703577,31,7268.8387096774195,2037.6774193548388,4.892258047036105,735.8064516129032,3.5806451612903225,228.7741935483871,26.0,7.944230769230769,8.366025641025642,94.74974886759654
4388161847,31,10813.935483870968,3093.8709677419356,8.393225892897574,836.6774193548387,23.161290322580644,229.3548387096774,23.0,6.6695652173913045,7.053623188405798,94.7235825496246
4445114986,31,4796.548387096775,2186.1935483870966,3.2458064402303384,829.9032258064516,6.612903225806452,209.09677419354838,28.0,6.419642857142857,6.94702380952381,92.53888737881236
4558609924,31,7685.129032258064,2033.258064516129,5.080645176672166,1093.6129032258063,10.387096774193548,284.96774193548384,5.0,2.1266666666666665,2.333333333333333,90.71276554333298
4702921684,31,8572.064516129032,2965.548387096774,6.9551612830931155,766.4193548387096,5.129032258064516,237.48387096774192,27.0,6.958024691358025,7.303703703703703,95.24705768018094
5553957443,31,8612.58064516129,1875.6774193548388,5.63967744958016,668.3548387096774,23.419354838709676,206.19354838709677,31.0,7.724731182795699,8.431182795698925,91.52072640377416
5577150313,30,8304.433333333332,3359.633333333333,6.213333304723104,754.4333333333333,87.33333333333333,147.93333333333334,26.0,7.199999999999999,7.676923076923076,93.92114958308437
6117666160,28,7046.714285714285,2261.1428571428573,5.342142914022717,796.2857142857143,1.5714285714285714,288.35714285714283,18.0,7.979629629629629,8.502777777777778,94.01978380765397
6290855005,29,5649.551724137931,2599.6206896551726,4.27241380461331,1193.0344827586207,2.7586206896551726,227.44827586206895,,,,
6775888955,26,2519.6923076923076,2131.769230769231,1.8134615161241252,1299.423076923077,11.0,40.15384615384615,3.0,5.827777777777778,6.1499999999999995,94.20280048358866
6962181067,31,9794.806451612903,1982.032258064516,6.585806477454403,662.3225806451613,22.806451612903224,245.80645161290323,31.0,7.466666666666667,7.768817204301076,96.14872484018996
7007744171,26,11323.423076923076,2544.0,8.015384591542757,1055.3461538461538,31.03846153846154,280.7307692307692,2.0,1.1416666666666666,1.1916666666666667,95.71171531387445
7086361926,31,9371.774193548386,2566.3548387096776,6.388064507815627,850.4516129032259,42.58064516129032,143.83870967741936,24.0,7.552083333333333,7.773611111111111,97.13149988886259
8053475328,31,14763.290322580646,2945.8064516129034,11.475161198646788,1148.0,85.16129032258064,150.96774193548387,3.0,4.95,5.027777777777778,98.48879098008452
8253242879,19,6482.1578947368425,1788.0,4.667368468485381,1287.3684210526317,20.526315789473685,116.89473684210526,,,,
8378563200,31,8717.709677419354,3436.5806451612902,6.913548461852531,716.1290322580645,58.67741935483871,156.09677419354838,31.0,7.418817204301075,8.098924731182796,91.75083503736387
8583815059,31,7198.5161290322585,2732.032258064516,5.615483822361117,1267.225806451613,9.67741935483871,138.29032258064515,,,,
8792009665,29,1853.7241379310344,1962.3103448275863,1.1865517168209476,1060.4827586206898,0.9655172413793104,91.79310344827586,15.0,7.261111111111111,7.5633333333333335,96.03924591769254
8877689391,31,16040.032258064517,3420.2580645161293,13.212903138129944,1112.8709677419354,66.06451612903226,234.70967741935485,,,,
