Id,SleepDay,TotalSleepRecords,TotalMinutesAsleep,TotalTimeInBed,Date,SleepHours,TimeInBedHours,SleepEfficiencyPct,DayName
1503960366,2016-04-12,1,327,346,2016-04-12,5.45,5.766666666666667,94.50867052023122,Tuesday
1503960366,2016-04-13,2,384,407,2016-04-13,6.4,6.783333333333333,94.34889434889435,Wednesday
1503960366,2016-04-15,1,412,442,2016-04-15,6.866666666666666,7.366666666666666,93.21266968325791,Friday
1503960366,2016-04-16,2,340,367,2016-04-16,5.666666666666667,6.116666666666666,92.64305177111717,Saturday
1503960366,2016-04-17,1,700,712,2016-04-17,11.666666666666666,11.866666666666667,98.31460674157303,Sunday
1503960366,2016-04-19,1,304,320,2016-04-19,5.066666666666666,5.333333333333333,95.0,Tuesday
1503960366,2016-04-20,1,360,377,2016-04-20,6.0,6.283333333333333,95.49071618037135,Wednesday
1503960366,2016-04-21,1,325,364,2016-04-21,5.416666666666667,6.066666666666666,89.28571428571429,Thursday
1503960366,2016-04-23,1,361,384,2016-04-23,6.016666666666667,6.4,94.01041666666666,Saturday
1503960366,2016-04-24,1,430,449,2016-04-24,7.166666666666667,7.483333333333333,95.7683741648107,Sunday
1503960366,2016-04-25,1,277,323,2016-04-25,4.616666666666666,5.383333333333334,85.75851393188854,Monday
1503960366,2016-04-26,1,245,274,2016-04-26,4.083333333333333,4.566666666666666,89.41605839416059,Tuesday
1503960366,2016-04-28,1,366,393,2016-04-28,6.1,6.55,93.12977099236642,Thursday
1503960366,2016-04-29,1,341,354,2016-04-29,5.683333333333334,5.9,96.32768361581921,Friday
1503960366,2016-04-30,1,404,425,2016-04-30,6.733333333333333,7.083333333333333,95.05882352941177,Saturday
1503960366,2016-05-01,1,369,396,2016-05-01,6.15,6.6,93.18181818181817,Sunday
1503960366,2016-05-02,1,277,309,2016-05-02,4.616666666666666,5.15,89.64401294498381,Monday
1503960366,2016-05-03,1,273,296,2016-05-03,4.55,4.933333333333334,92.22972972972973,Tuesday
1503960366,2016-05-05,1,247,264,2016-05-05,4.116666666666666,4.4,93.56060606060606,Thursday
1503960366,2016-05-06,1,334,367,2016-05-06,5.566666666666666,6.116666666666666,91.00817438692098,Friday
1503960366,2016-05-07,1,331,349,2016-05-07,5.516666666666667,5.816666666666666,94.84240687679083,Saturday
1503960366,2016-05-08,1,594,611,2016-05-08,9.9,10.183333333333334,97.21767594108019,Sunday
1503960366,2016-05-09,1,338,342,2016-05-09,5.633333333333334,5.7,98.83040935672514,Monday
1503960366,2016-05-10,1,383,403,2016-05-10,6.383333333333334,6.716666666666667,95.03722084367246,Tuesday
1503960366,2016-05-11,1,285,306,2016-05-11,4.75,5.1,93.13725490196079,Wednesday
1644430081,2016-04-29,1,119,127,2016-04-29,1.9833333333333334,2.1166666666666667,93.7007874015748,Friday
1644430081,2016-04-30,1,124,142,2016-04-30,2.066666666666667,2.3666666666666667,87.32394366197182,Saturday
1644430081,2016-05-02,1,796,961,2016-05-02,13.266666666666667,16.016666666666666,82.83038501560874,Monday
1644430081,2016-05-08,1,137,154,2016-05-08,2.283333333333333,2.566666666666667,88.96103896103897,Sunday
1844505072,2016-04-15,1,644,961,2016-04-15,10.733333333333333,16.016666666666666,67.01352757544224,Friday
1844505072,2016-04-30,1,722,961,2016-04-30,12.033333333333333,16.016666666666666,75.13007284079085,Saturday
1844505072,2016-05-01,1,590,961,2016-05-01,9.833333333333334,16.016666666666666,61.39438085327783,Sunday
1927972279,2016-04-12,3,750,775,2016-04-12,12.5,12.916666666666666,96.7741935483871,Tuesday
1927972279,2016-04-13,1,398,422,2016-04-13,6.633333333333334,7.033333333333333,94.3127962085308,Wednesday
1927972279,2016-04-15,2,475,499,2016-04-15,7.916666666666667,8.316666666666666,95.19038076152304,Friday
1927972279,2016-04-26,1,296,315,2016-04-26,4.933333333333334,5.25,93.96825396825396,Tuesday
1927972279,2016-04-28,1,166,178,2016-04-28,2.7666666666666666,2.966666666666667,93.25842696629213,Thursday
2026352035,2016-04-12,1,503,546,2016-04-12,8.383333333333333,9.1,92.12454212454212,Tuesday
2026352035,2016-04-13,1,531,565,2016-04-13,8.85,9.416666666666666,93.98230088495575,Wednesday
2026352035,2016-04-14,1,545,568,2016-04-14,9.083333333333334,9.466666666666667,95.95070422535211,Thursday
2026352035,2016-04-15,1,523,573,2016-04-15,8.716666666666667,9.55,91.2739965095986,Friday
2026352035,2016-04-16,1,524,567,2016-04-16,8.733333333333333,9.45,92.41622574955908,Saturday
2026352035,2016-04-17,1,437,498,2016-04-17,7.283333333333333,8.3,87.75100401606426,Sunday
2026352035,2016-04-19,1,498,540,2016-04-19,8.3,9.0,92.22222222222223,Tuesday
2026352035,2016-04-20,1,461,510,2016-04-20,7.683333333333334,8.5,90.3921568627451,Wednesday
2026352035,2016-04-21,1,477,514,2016-04-21,7.95,8.566666666666666,92.80155642023347,Thursday
2026352035,2016-04-22,1,520,545,2016-04-22,8.666666666666666,9.083333333333334,95.41284403669725,Friday
2026352035,2016-04-23,1,522,554,2016-04-23,8.7,9.233333333333333,94.22382671480143,Saturday
2026352035,2016-04-24,1,555,591,2016-04-24,9.25,9.85,93.90862944162437,Sunday
2026352035,2016-04-25,1,506,531,2016-04-25,8.433333333333334,8.85,95.29190207156309,Monday
2026352035,2016-04-27,1,508,545,2016-04-27,8.466666666666667,9.083333333333334,93.21100917431193,Wednesday
2026352035,2016-04-28,1,513,545,2016-04-28,8.55,9.083333333333334,94.12844036697248,Thursday
2026352035,2016-04-29,1,490,510,2016-04-29,8.166666666666666,8.5,96.07843137254902,Friday
2026352035,2016-04-30,1,573,607,2016-04-30,9.55,10.116666666666667,94.3986820428336,Saturday
2026352035,2016-05-01,1,527,546,2016-05-01,8.783333333333333,9.1,96.52014652014653,Sunday
2026352035,2016-05-02,1,511,543,2016-05-02,8.516666666666667,9.05,94.10681399631676,Monday
2026352035,2016-05-04,1,538,560,2016-05-04,8.966666666666667,9.333333333333334,96.07142857142857,Wednesday
2026352035,2016-05-05,1,468,485,2016-05-05,7.8,8.083333333333334,96.49484536082474,Thursday
2026352035,2016-05-06,1,524,548,2016-05-06,8.733333333333333,9.133333333333333,95.62043795620438,Friday
2026352035,2016-05-07,1,511,521,2016-05-07,8.516666666666667,8.683333333333334,98.0806142034549,Saturday
2026352035,2016-05-08,1,541,568,2016-05-08,9.016666666666667,9.466666666666667,95.24647887323944,Sunday
2026352035,2016-05-09,1,531,556,2016-05-09,8.85,9.266666666666667,95.50359712230215,Monday
2026352035,2016-05-10,1,357,380,2016-05-10,5.95,6.333333333333333,93.94736842105263,Tuesday
2026352035,2016-05-11,1,523,553,2016-05-11,8.716666666666667,9.216666666666667,94.57504520795659,Wednesday
2026352035,2016-05-12,1,456,485,2016-05-12,7.6,8.083333333333334,94.02061855670102,Thursday
2320127002,2016-04-23,1,61,69,2016-04-23,1.0166666666666666,1.15,88.40579710144928,Saturday
2347167796,2016-04-13,1,467,531,2016-04-13,7.783333333333333,8.85,87.94726930320151,Wednesday
2347167796,2016-04-14,1,445,489,2016-04-14,7.416666666666667,8.15,91.00204498977506,Thursday
2347167796,2016-04-15,1,452,504,2016-04-15,7.533333333333333,8.4,89.68253968253968,Friday
2347167796,2016-04-17,1,556,602,2016-04-17,9.266666666666667,10.033333333333333,92.35880398671097,Sunday
2347167796,2016-04-18,1,500,557,2016-04-18,8.333333333333334,9.283333333333333,89.76660682226212,Monday
2347167796,2016-04-19,1,465,514,2016-04-19,7.75,8.566666666666666,90.46692607003891,Tuesday
2347167796,2016-04-21,1,460,484,2016-04-21,7.666666666666667,8.066666666666666,95.0413223140496,Thursday
2347167796,2016-04-22,1,405,461,2016-04-22,6.75,7.683333333333334,87.85249457700651,Friday
2347167796,2016-04-23,1,374,386,2016-04-23,6.233333333333333,6.433333333333334,96.89119170984456,Saturday
2347167796,2016-04-24,1,442,459,2016-04-24,7.366666666666666,7.65,96.29629629629629,Sunday
2347167796,2016-04-25,1,433,471,2016-04-25,7.216666666666667,7.85,91.93205944798302,Monday
2347167796,2016-04-26,1,436,490,2016-04-26,7.266666666666667,8.166666666666666,88.9795918367347,Tuesday
2347167796,2016-04-27,1,448,499,2016-04-27,7.466666666666667,8.316666666666666,89.77955911823648,Wednesday
2347167796,2016-04-28,1,408,450,2016-04-28,6.8,7.5,90.66666666666666,Thursday
2347167796,2016-04-29,1,411,473,2016-04-29,6.85,7.883333333333334,86.89217758985201,Friday
3977333714,2016-04-12,1,274,469,2016-04-12,4.566666666666666,7.816666666666666,58.42217484008528,Tuesday
3977333714,2016-04-13,2,295,456,2016-04-13,4.916666666666667,7.6,64.69298245614034,Wednesday
3977333714,2016-04-14,1,291,397,2016-04-14,4.85,6.616666666666666,73.29974811083123,Thursday
3977333714,2016-04-15,1,424,556,2016-04-15,7.066666666666666,9.266666666666667,76.2589928057554,Friday
3977333714,2016-04-16,1,283,510,2016-04-16,4.716666666666667,8.5,55.490196078431374,Saturday
3977333714,2016-04-17,1,381,566,2016-04-17,6.35,9.433333333333334,67.31448763250883,Sunday
3977333714,2016-04-18,2,412,522,2016-04-18,6.866666666666666,8.7,78.9272030651341,Monday
3977333714,2016-04-19,1,219,395,2016-04-19,3.65,6.583333333333333,55.44303797468354,Tuesday
3977333714,2016-04-20,2,152,305,2016-04-20,2.533333333333333,5.083333333333333,49.8360655737705,Wednesday
3977333714,2016-04-21,1,332,512,2016-04-21,5.533333333333333,8.533333333333333,64.84375,Thursday
3977333714,2016-04-22,1,355,476,2016-04-22,5.916666666666667,7.933333333333334,74.57983193277312,Friday
3977333714,2016-04-23,1,235,372,2016-04-23,3.9166666666666665,6.2,63.17204301075269,Saturday
3977333714,2016-04-24,1,310,526,2016-04-24,5.166666666666667,8.766666666666667,58.935361216730044,Sunday
3977333714,2016-04-25,1,262,467,2016-04-25,4.366666666666666,7.783333333333333,56.102783725910065,Monday
3977333714,2016-04-26,1,250,371,2016-04-26,4.166666666666667,6.183333333333334,67.38544474393531,Tuesday
3977333714,2016-04-27,1,349,540,2016-04-27,5.816666666666666,9.0,64.62962962962962,Wednesday
3977333714,2016-04-28,1,261,423,2016-04-28,4.35,7.05,61.702127659574465,Thursday
3977333714,2016-04-29,1,333,478,2016-04-29,5.55,7.966666666666667,69.6652719665272,Friday
3977333714,2016-04-30,1,237,382,2016-04-30,3.95,6.366666666666666,62.04188481675392,Saturday
3977333714,2016-05-01,1,383,626,2016-05-01,6.383333333333334,10.433333333333334,61.18210862619809,Sunday
3977333714,2016-05-02,1,230,384,2016-05-02,3.8333333333333335,6.4,59.895833333333336,Monday
3977333714,2016-05-03,1,292,500,2016-05-03,4.866666666666666,8.333333333333334,58.4,Tuesday
3977333714,2016-05-04,1,213,336,2016-05-04,3.55,5.6,63.39285714285714,Wednesday
3977333714,2016-05-05,1,318,480,2016-05-05,5.3,8.0,66.25,Thursday
3977333714,2016-05-06,1,323,512,2016-05-06,5.383333333333334,8.533333333333333,63.0859375,Friday
3977333714,2016-05-07,1,237,443,2016-05-07,3.95,7.383333333333334,53.49887133182845,Saturday
3977333714,2016-05-08,2,259,456,2016-05-08,4.316666666666666,7.6,56.79824561403509,Sunday
3977333714,2016-05-10,1,312,452,2016-05-10,5.2,7.533333333333333,69.02654867256636,Tuesday
4020332650,2016-04-12,1,501,541,2016-04-12,8.35,9.016666666666667,92.60628465804066,Tuesday
4020332650,2016-04-16,1,77,77,2016-04-16,1.2833333333333334,1.2833333333333334,100.0,Saturday
4020332650,2016-05-03,1,322,332,2016-05-03,5.366666666666666,5.533333333333333,96.98795180722891,Tuesday
4020332650,2016-05-04,1,478,536,2016-05-04,7.966666666666667,8.933333333333334,89.17910447761194,Wednesday
4020332650,2016-05-05,1,226,248,2016-05-05,3.7666666666666666,4.133333333333334,91.12903225806451,Thursday
4020332650,2016-05-06,1,385,408,2016-05-06,6.416666666666667,6.8,94.36274509803921,Friday
4020332650,2016-05-08,1,364,402,2016-05-08,6.066666666666666,6.7,90.54726368159204,Sunday
4020332650,2016-05-10,1,442,494,2016-05-10,7.366666666666666,8.233333333333333,89.47368421052632,Tuesday
4319703577,2016-04-14,1,535,557,2016-04-14,8.916666666666666,9.283333333333333,96.05026929982047,Thursday
4319703577,2016-04-15,1,465,491,2016-04-15,7.75,8.183333333333334,94.70468431771894,Friday
4319703577,2016-04-16,1,506,522,2016-04-16,8.433333333333334,8.7,96.93486590038314,Saturday
4319703577,2016-04-18,1,515,551,2016-04-18,8.583333333333334,9.183333333333334,93.46642468239564,Monday
4319703577,2016-04-19,2,461,498,2016-04-19,7.683333333333334,8.3,92.570281124498,Tuesday
4319703577,2016-04-20,1,523,543,2016-04-20,8.716666666666667,9.05,96.31675874769797,Wednesday
4319703577,2016-04-21,1,59,65,2016-04-21,0.9833333333333333,1.0833333333333333,90.76923076923077,Thursday
4319703577,2016-04-22,1,533,550,2016-04-22,8.883333333333333,9.166666666666666,96.9090909090909,Friday
4319703577,2016-04-23,1,692,722,2016-04-23,11.533333333333333,12.033333333333333,95.84487534626038,Saturday
4319703577,2016-04-24,1,467,501,2016-04-24,7.783333333333333,8.35,93.21357285429141,Sunday
4319703577,2016-04-25,1,488,506,2016-04-25,8.133333333333333,8.433333333333334,96.44268774703558,Monday
4319703577,2016-04-26,1,505,516,2016-04-26,8.416666666666666,8.6,97.86821705426357,Tuesday
4319703577,2016-04-27,1,286,307,2016-04-27,4.766666666666667,5.116666666666666,93.15960912052117,Wednesday
4319703577,2016-04-28,1,497,522,2016-04-28,8.283333333333333,8.7,95.21072796934867,Thursday
4319703577,2016-04-29,1,523,546,2016-04-29,8.716666666666667,9.1,95.7875457875458,Friday
4319703577,2016-04-30,1,490,516,2016-04-30,8.166666666666666,8.6,94.96124031007753,Saturday
4319703577,2016-05-01,1,484,500,2016-05-01,8.066666666666666,8.333333333333334,96.8,Sunday
4319703577,2016-05-02,1,478,506,2016-05-02,7.966666666666667,8.433333333333334,94.46640316205533,Monday
4319703577,2016-05-03,1,474,512,2016-05-03,7.9,8.533333333333333,92.578125,Tuesday
4319703577,2016-05-06,1,450,491,2016-05-06,7.5,8.183333333333334,91.64969450101833,Friday
4319703577,2016-05-07,1,507,530,2016-05-07,8.45,8.833333333333334,95.66037735849056,Saturday
4319703577,2016-05-08,1,602,638,2016-05-08,10.033333333333333,10.633333333333333,94.35736677115987,Sunday
4319703577,2016-05-09,1,535,565,2016-05-09,8.916666666666666,9.416666666666666,94.69026548672566,Monday
4319703577,2016-05-10,1,487,517,2016-05-10,8.116666666666667,8.616666666666667,94.1972920696325,Tuesday
4319703577,2016-05-11,1,529,558,2016-05-11,8.816666666666666,9.3,94.80286738351255,Wednesday
4319703577,2016-05-12,1,302,321,2016-05-12,5.033333333333333,5.35,94.0809968847352,Thursday
4388161847,2016-04-15,1,499,526,2016-04-15,8.316666666666666,8.766666666666667,94.86692015209125,Friday
4388161847,2016-04-16,2,426,448,2016-04-16,7.1,7.466666666666667,95.08928571428571,Saturday
4388161847,2016-04-17,2,619,641,2016-04-17,10.316666666666666,10.683333333333334,96.56786271450858,Sunday
4388161847,2016-04-18,1,99,104,2016-04-18,1.65,1.7333333333333334,95.1923076923077,Monday
4388161847,2016-04-19,1,329,338,2016-04-19,5.483333333333333,5.633333333333334,97.33727810650888,Tuesday
4388161847,2016-04-20,1,421,451,2016-04-20,7.016666666666667,7.516666666666667,93.34811529933481,Wednesday
4388161847,2016-04-21,1,442,458,2016-04-21,7.366666666666666,7.633333333333334,96.50655021834062,Thursday
4388161847,2016-04-22,1,82,85,2016-04-22,1.3666666666666667,1.4166666666666667,96.47058823529412,Friday
4388161847,2016-04-23,1,478,501,2016-04-23,7.966666666666667,8.35,95.40918163672654,Saturday
4388161847,2016-04-24,3,552,595,2016-04-24,9.2,9.916666666666666,92.77310924369748,Sunday
4388161847,2016-04-26,1,319,346,2016-04-26,5.316666666666666,5.766666666666667,92.1965317919075,Tuesday
4388161847,2016-04-27,1,439,500,2016-04-27,7.316666666666666,8.333333333333334,87.8,Wednesday
4388161847,2016-04-28,1,428,458,2016-04-28,7.133333333333334,7.633333333333334,93.44978165938865,Thursday
4388161847,2016-04-30,2,409,430,2016-04-30,6.816666666666666,7.166666666666667,95.11627906976744,Saturday
4388161847,2016-05-01,1,547,597,2016-05-01,9.116666666666667,9.95,91.62479061976549,Sunday
4388161847,2016-05-02,2,368,376,2016-05-02,6.133333333333334,6.266666666666667,97.87234042553192,Monday
4388161847,2016-05-04,1,390,414,2016-05-04,6.5,6.9,94.20289855072464,Wednesday
4388161847,2016-05-05,1,471,495,2016-05-05,7.85,8.25,95.15151515151516,Thursday
4388161847,2016-05-07,1,472,496,2016-05-07,7.866666666666666,8.266666666666667,95.16129032258065,Saturday
4388161847,2016-05-08,2,529,541,2016-05-08,8.816666666666666,9.016666666666667,97.78188539741221,Sunday
4388161847,2016-05-09,1,62,65,2016-05-09,1.0333333333333334,1.0833333333333333,95.38461538461539,Monday
4388161847,2016-05-10,1,354,375,2016-05-10,5.9,6.25,94.39999999999999,Tuesday
4388161847,2016-05-11,1,469,494,2016-05-11,7.816666666666666,8.233333333333333,94.93927125506073,Wednesday
4445114986,2016-04-12,2,429,457,2016-04-12,7.15,7.616666666666666,93.8730853391685,Tuesday
4445114986,2016-04-13,2,370,406,2016-04-13,6.166666666666667,6.766666666666667,91.13300492610837,Wednesday
4445114986,2016-04-14,1,441,492,2016-04-14,7.35,8.2,89.63414634146342,Thursday
4445114986,2016-04-15,2,337,379,2016-04-15,5.616666666666666,6.316666666666666,88.91820580474933,Friday
4445114986,2016-04-16,1,462,499,2016-04-16,7.7,8.316666666666666,92.58517034068137,Saturday
4445114986,2016-04-17,1,98,107,2016-04-17,1.6333333333333333,1.7833333333333334,91.58878504672897,Sunday
4445114986,2016-04-19,2,388,424,2016-04-19,6.466666666666667,7.066666666666666,91.50943396226415,Tuesday
4445114986,2016-04-20,1,439,462,2016-04-20,7.316666666666666,7.7,95.02164502164501,Wednesday
4445114986,2016-04-21,1,436,469,2016-04-21,7.266666666666667,7.816666666666666,92.96375266524521,Thursday
4445114986,2016-04-22,1,388,417,2016-04-22,6.466666666666667,6.95,93.04556354916068,Friday
4445114986,2016-04-25,1,328,345,2016-04-25,5.466666666666667,5.75,95.07246376811594,Monday
4445114986,2016-04-26,2,353,391,2016-04-26,5.883333333333334,6.516666666666667,90.28132992327366,Tuesday
4445114986,2016-04-27,1,332,374,2016-04-27,5.533333333333333,6.233333333333333,88.77005347593582,Wednesday
4445114986,2016-04-28,1,419,442,2016-04-28,6.983333333333333,7.366666666666666,94.79638009049773,Thursday
4445114986,2016-04-29,1,106,108,2016-04-29,1.7666666666666666,1.8,98.14814814814815,Friday
4445114986,2016-04-30,1,322,353,2016-04-30,5.366666666666666,5.883333333333334,91.21813031161473,Saturday
4445114986,2016-05-01,2,439,459,2016-05-01,7.316666666666666,7.65,95.64270152505446,Sunday
4445114986,2016-05-02,1,502,542,2016-05-02,8.366666666666667,9.033333333333333,92.619926199262,Monday
4445114986,2016-05-03,2,417,450,2016-05-03,6.95,7.5,92.66666666666666,Tuesday
4445114986,2016-05-04,2,337,363,2016-05-04,5.616666666666666,6.05,92.8374655647383,Wednesday
4445114986,2016-05-05,2,462,513,2016-05-05,7.7,8.55,90.05847953216374,Thursday
4445114986,2016-05-06,2,374,402,2016-05-06,6.233333333333333,6.7,93.03482587064677,Friday
4445114986,2016-05-07,2,401,436,2016-05-07,6.683333333333334,7.266666666666667,91.97247706422019,Saturday
4445114986,2016-05-08,1,361,391,2016-05-08,6.016666666666667,6.516666666666667,92.32736572890026,Sunday
4445114986,2016-05-09,1,457,533,2016-05-09,7.616666666666666,8.883333333333333,85.74108818011257,Monday
4445114986,2016-05-10,1,405,426,2016-05-10,6.75,7.1,95.07042253521126,Tuesday
4445114986,2016-05-11,1,499,530,2016-05-11,8.316666666666666,8.833333333333334,94.15094339622641,Wednesday
4445114986,2016-05-12,1,483,501,2016-05-12,8.05,8.35,96.40718562874252,Thursday
4558609924,2016-04-21,1,126,137,2016-04-21,2.1,2.283333333333333,91.97080291970804,Thursday
4558609924,2016-04-26,1,103,121,2016-04-26,1.7166666666666666,2.0166666666666666,85.12396694214877,Tuesday
4558609924,2016-04-29,1,171,179,2016-04-29,2.85,2.9833333333333334,95.53072625698324,Friday
4558609924,2016-05-01,1,115,129,2016-05-01,1.9166666666666667,2.15,89.14728682170544,Sunday
4558609924,2016-05-08,1,123,134,2016-05-08,2.05,2.2333333333333334,91.7910447761194,Sunday
4702921684,2016-04-12,1,425,439,2016-04-12,7.083333333333333,7.316666666666666,96.81093394077449,Tuesday
4702921684,2016-04-13,2,400,430,2016-04-13,6.666666666666667,7.166666666666667,93.02325581395348,Wednesday
4702921684,2016-04-14,1,384,415,2016-04-14,6.4,6.916666666666667,92.53012048192771,Thursday
4702921684,2016-04-15,1,253,257,2016-04-15,4.216666666666667,4.283333333333333,98.44357976653697,Friday
4702921684,2016-04-16,2,382,406,2016-04-16,6.366666666666666,6.766666666666667,94.08866995073892,Saturday
4702921684,2016-04-17,1,591,612,2016-04-17,9.85,10.2,96.56862745098039,Sunday
4702921684,2016-04-18,1,293,312,2016-04-18,4.883333333333334,5.2,93.91025641025641,Monday
4702921684,2016-04-19,1,457,487,2016-04-19,7.616666666666666,8.116666666666667,93.83983572895276,Tuesday
4702921684,2016-04-20,1,454,468,2016-04-20,7.566666666666666,7.8,97.00854700854701,Wednesday
4702921684,2016-04-21,1,425,434,2016-04-21,7.083333333333333,7.233333333333333,97.92626728110599,Thursday
4702921684,2016-04-23,1,465,475,2016-04-23,7.75,7.916666666666667,97.89473684210527,Saturday
4702921684,2016-04-24,1,480,506,2016-04-24,8.0,8.433333333333334,94.86166007905138,Sunday
4702921684,2016-04-25,1,370,380,2016-04-25,6.166666666666667,6.333333333333333,97.36842105263158,Monday
4702921684,2016-04-26,1,421,429,2016-04-26,7.016666666666667,7.15,98.13519813519814,Tuesday
4702921684,2016-04-27,1,432,449,2016-04-27,7.2,7.483333333333333,96.21380846325167,Wednesday
4702921684,2016-04-28,1,442,461,2016-04-28,7.366666666666666,7.683333333333334,95.87852494577007,Thursday
4702921684,2016-04-29,1,433,447,2016-04-29,7.216666666666667,7.45,96.86800894854586,Friday
4702921684,2016-04-30,1,479,501,2016-04-30,7.983333333333333,8.35,95.60878243512974,Saturday
4702921684,2016-05-03,1,327,373,2016-05-03,5.45,6.216666666666667,87.66756032171583,Tuesday
4702921684,2016-05-04,1,412,434,2016-05-04,6.866666666666666,7.233333333333333,94.93087557603687,Wednesday
4702921684,2016-05-05,1,414,428,2016-05-05,6.9,7.133333333333334,96.72897196261682,Thursday
4702921684,2016-05-06,1,404,449,2016-05-06,6.733333333333333,7.483333333333333,89.97772828507794,Friday
4702921684,2016-05-07,1,520,543,2016-05-07,8.666666666666666,9.05,95.76427255985267,Saturday
4702921684,2016-05-09,1,435,458,2016-05-09,7.25,7.633333333333334,94.97816593886463,Monday
4702921684,2016-05-10,1,416,431,2016-05-10,6.933333333333334,7.183333333333334,96.51972157772622,Tuesday
4702921684,2016-05-11,1,354,366,2016-05-11,5.9,6.1,96.72131147540983,Wednesday
4702921684,2016-05-12,1,404,442,2016-05-12,6.733333333333333,7.366666666666666,91.4027149321267,Thursday
5553957443,2016-04-12,1,441,464,2016-04-12,7.35,7.733333333333333,95.04310344827587,Tuesday
5553957443,2016-04-13,2,455,488,2016-04-13,7.583333333333333,8.133333333333333,93.23770491803278,Wednesday
5553957443,2016-04-14,1,357,418,2016-04-14,5.95,6.966666666666667,85.4066985645933,Thursday
5553957443,2016-04-15,1,377,409,2016-04-15,6.283333333333333,6.816666666666666,92.1760391198044,Friday
5553957443,2016-04-16,2,651,686,2016-04-16,10.85,11.433333333333334,94.89795918367348,Saturday
5553957443,2016-04-17,1,350,402,2016-04-17,5.833333333333333,6.7,87.06467661691542,Sunday
5553957443,2016-04-18,2,520,541,2016-04-18,8.666666666666666,9.016666666666667,96.11829944547135,Monday
5553957443,2016-04-19,1,357,410,2016-04-19,5.95,6.833333333333333,87.07317073170732,Tuesday
5553957443,2016-04-20,1,658,678,2016-04-20,10.966666666666667,11.3,97.05014749262537,Wednesday
5553957443,2016-04-21,1,399,431,2016-04-21,6.65,7.183333333333334,92.5754060324826,Thursday
5553957443,2016-04-22,1,322,353,2016-04-22,5.366666666666666,5.883333333333334,91.21813031161473,Friday
5553957443,2016-04-23,2,631,725,2016-04-23,10.516666666666667,12.083333333333334,87.0344827586207,Saturday
5553957443,2016-04-24,2,553,640,2016-04-24,9.216666666666667,10.666666666666666,86.40625,Sunday
5553957443,2016-04-25,1,433,468,2016-04-25,7.216666666666667,7.8,92.52136752136752,Monday
5553957443,2016-04-26,1,412,453,2016-04-26,6.866666666666666,7.55,90.94922737306842,Tuesday
5553957443,2016-04-27,1,347,391,2016-04-27,5.783333333333333,6.516666666666667,88.7468030690537,Wednesday
5553957443,2016-04-28,1,421,457,2016-04-28,7.016666666666667,7.616666666666666,92.12253829321662,Thursday
5553957443,2016-04-29,1,450,495,2016-04-29,7.5,8.25,90.9090909090909,Friday
5553957443,2016-04-30,2,775,843,2016-04-30,12.916666666666666,14.05,91.93357058125741,Saturday
5553957443,2016-05-01,2,622,686,2016-05-01,10.366666666666667,11.433333333333334,90.67055393586006,Sunday
5553957443,2016-05-02,1,409,471,2016-05-02,6.816666666666666,7.85,86.83651804670913,Monday
5553957443,2016-05-03,1,380,429,2016-05-03,6.333333333333333,7.15,88.57808857808858,Tuesday
5553957443,2016-05-04,1,447,470,2016-05-04,7.45,7.833333333333333,95.1063829787234,Wednesday
5553957443,2016-05-05,1,419,464,2016-05-05,6.983333333333333,7.733333333333333,90.30172413793103,Thursday
5553957443,2016-05-06,1,400,434,2016-05-06,6.666666666666667,7.233333333333333,92.16589861751152,Friday
5553957443,2016-05-07,1,442,470,2016-05-07,7.366666666666666,7.833333333333333,94.04255319148936,Saturday
5553957443,2016-05-08,1,568,608,2016-05-08,9.466666666666667,10.133333333333333,93.42105263157895,Sunday
5553957443,2016-05-09,1,453,494,2016-05-09,7.55,8.233333333333333,91.7004048582996,Monday
5553957443,2016-05-10,1,418,443,2016-05-10,6.966666666666667,7.383333333333334,94.35665914221218,Tuesday
5553957443,2016-05-11,1,463,486,2016-05-11,7.716666666666667,8.1,95.26748971193416,Wednesday
5553957443,2016-05-12,1,438,475,2016-05-12,7.3,7.916666666666667,92.21052631578948,Thursday
5577150313,2016-04-12,1,419,438,2016-04-12,6.983333333333333,7.3,95.662100456621,Tuesday
5577150313,2016-04-13,1,432,458,2016-04-13,7.2,7.633333333333334,94.32314410480349,Wednesday
5577150313,2016-04-14,1,477,497,2016-04-14,7.95,8.283333333333333,95.97585513078471,Thursday
5577150313,2016-04-15,1,392,413,2016-04-15,6.533333333333333,6.883333333333334,94.91525423728814,Friday
5577150313,2016-04-16,1,406,445,2016-04-16,6.766666666666667,7.416666666666667,91.23595505617978,Saturday
5577150313,2016-04-17,1,549,583,2016-04-17,9.15,9.716666666666667,94.16809605488851,Sunday
5577150313,2016-04-18,1,527,553,2016-04-18,8.783333333333333,9.216666666666667,95.29837251356238,Monday
5577150313,2016-04-19,1,449,465,2016-04-19,7.483333333333333,7.75,96.55913978494624,Tuesday
5577150313,2016-04-20,1,447,480,2016-04-20,7.45,8.0,93.125,Wednesday
5577150313,2016-04-21,1,414,437,2016-04-21,6.9,7.283333333333333,94.73684210526315,Thursday
5577150313,2016-04-22,1,338,366,2016-04-22,5.633333333333334,6.1,92.34972677595628,Friday
5577150313,2016-04-23,1,384,402,2016-04-23,6.4,6.7,95.52238805970148,Saturday
5577150313,2016-04-24,1,543,615,2016-04-24,9.05,10.25,88.29268292682927,Sunday
5577150313,2016-04-25,1,421,461,2016-04-25,7.016666666666667,7.683333333333334,91.3232104121475,Monday
5577150313,2016-04-26,1,354,377,2016-04-26,5.9,6.283333333333333,93.89920424403184,Tuesday
5577150313,2016-04-27,1,424,452,2016-04-27,7.066666666666666,7.533333333333333,93.80530973451327,Wednesday
5577150313,2016-04-28,1,361,372,2016-04-28,6.016666666666667,6.2,97.04301075268818,Thursday
5577150313,2016-04-29,1,459,485,2016-04-29,7.65,8.083333333333334,94.63917525773195,Friday
5577150313,2016-04-30,1,412,433,2016-04-30,6.866666666666666,7.216666666666667,95.1501154734411,Saturday
5577150313,2016-05-01,1,379,398,2016-05-01,6.316666666666666,6.633333333333334,95.22613065326632,Sunday
5577150313,2016-05-02,2,525,553,2016-05-02,8.75,9.216666666666667,94.9367088607595,Monday
5577150313,2016-05-03,1,508,543,2016-05-03,8.466666666666667,9.05,93.55432780847146,Tuesday
5577150313,2016-05-04,1,603,634,2016-05-04,10.05,10.566666666666666,95.11041009463722,Wednesday
5577150313,2016-05-05,1,74,78,2016-05-05,1.2333333333333334,1.3,94.87179487179486,Thursday
5577150313,2016-05-10,1,504,562,2016-05-10,8.4,9.366666666666667,89.6797153024911,Tuesday
5577150313,2016-05-11,1,431,476,2016-05-11,7.183333333333334,7.933333333333334,90.54621848739495,Wednesday
6117666160,2016-04-16,1,380,398,2016-04-16,6.333333333333333,6.633333333333334,95.47738693467338,Saturday
6117666160,2016-04-17,2,336,350,2016-04-17,5.6,5.833333333333333,96.0,Sunday
6117666160,2016-04-18,2,493,510,2016-04-18,8.216666666666667,8.5,96.66666666666667,Monday
6117666160,2016-04-19,1,465,492,2016-04-19,7.75,8.2,94.51219512195121,Tuesday
6117666160,2016-04-20,1,474,502,2016-04-20,7.9,8.366666666666667,94.42231075697211,Wednesday
6117666160,2016-04-21,1,508,550,2016-04-21,8.466666666666667,9.166666666666666,92.36363636363636,Thursday
6117666160,2016-04-22,1,480,546,2016-04-22,8.0,9.1,87.91208791208791,Friday
6117666160,2016-04-23,1,492,539,2016-04-23,8.2,8.983333333333333,91.28014842300557,Saturday
6117666160,2016-04-24,1,353,367,2016-04-24,5.883333333333334,6.116666666666666,96.18528610354224,Sunday
6117666160,2016-04-27,1,542,557,2016-04-27,9.033333333333333,9.283333333333333,97.30700179533214,Wednesday
6117666160,2016-04-28,1,393,416,2016-04-28,6.55,6.933333333333334,94.47115384615384,Thursday
6117666160,2016-04-29,1,600,636,2016-04-29,10.0,10.6,94.33962264150944,Friday
6117666160,2016-05-01,1,507,575,2016-05-01,8.45,9.583333333333334,88.17391304347825,Sunday
6117666160,2016-05-05,1,392,415,2016-05-05,6.533333333333333,6.916666666666667,94.4578313253012,Thursday
6117666160,2016-05-06,2,658,698,2016-05-06,10.966666666666667,11.633333333333333,94.26934097421203,Friday
6117666160,2016-05-07,2,498,507,2016-05-07,8.3,8.45,98.22485207100591,Saturday
6117666160,2016-05-08,1,555,603,2016-05-08,9.25,10.05,92.03980099502488,Sunday
6117666160,2016-05-09,1,492,522,2016-05-09,8.2,8.7,94.25287356321839,Monday
6775888955,2016-04-13,1,235,260,2016-04-13,3.9166666666666665,4.333333333333333,90.38461538461539,Wednesday
6775888955,2016-04-14,1,423,441,2016-04-14,7.05,7.35,95.91836734693877,Thursday
6775888955,2016-04-15,1,391,406,2016-04-15,6.516666666666667,6.766666666666667,96.30541871921181,Friday
6962181067,2016-04-12,1,366,387,2016-04-12,6.1,6.45,94.57364341085271,Tuesday
6962181067,2016-04-13,3,630,679,2016-04-13,10.5,11.316666666666666,92.78350515463917,Wednesday
6962181067,2016-04-14,2,508,535,2016-04-14,8.466666666666667,8.916666666666666,94.95327102803738,Thursday
6962181067,2016-04-15,1,370,386,2016-04-15,6.166666666666667,6.433333333333334,95.85492227979275,Friday
6962181067,2016-04-16,1,357,366,2016-04-16,5.95,6.1,97.54098360655738,Saturday
6962181067,2016-04-17,1,427,446,2016-04-17,7.116666666666666,7.433333333333334,95.73991031390135,Sunday
6962181067,2016-04-18,1,442,458,2016-04-18,7.366666666666666,7.633333333333334,96.50655021834062,Monday
6962181067,2016-04-19,1,476,535,2016-04-19,7.933333333333334,8.916666666666666,88.97196261682242,Tuesday
6962181067,2016-04-20,1,418,424,2016-04-20,6.966666666666667,7.066666666666666,98.58490566037736,Wednesday
6962181067,2016-04-21,1,451,457,2016-04-21,7.516666666666667,7.616666666666666,98.6870897155361,Thursday
6962181067,2016-04-22,1,425,435,2016-04-22,7.083333333333333,7.25,97.70114942528735,Friday
6962181067,2016-04-23,1,528,546,2016-04-23,8.8,9.1,96.7032967032967,Saturday
6962181067,2016-04-24,1,511,514,2016-04-24,8.516666666666667,8.566666666666666,99.41634241245137,Sunday
6962181067,2016-04-25,1,400,415,2016-04-25,6.666666666666667,6.916666666666667,96.3855421686747,Monday
6962181067,2016-04-26,1,441,446,2016-04-26,7.35,7.433333333333334,98.87892376681614,Tuesday
6962181067,2016-04-27,1,455,467,2016-04-27,7.583333333333333,7.783333333333333,97.4304068522484,Wednesday
6962181067,2016-04-28,1,440,453,2016-04-28,7.333333333333333,7.55,97.13024282560706,Thursday
6962181067,2016-04-29,1,433,447,2016-04-29,7.216666666666667,7.45,96.86800894854586,Friday
6962181067,2016-04-30,1,422,424,2016-04-30,7.033333333333333,7.066666666666666,99.52830188679245,Saturday
6962181067,2016-05-01,1,411,426,2016-05-01,6.85,7.1,96.47887323943662,Sunday
6962181067,2016-05-02,1,466,482,2016-05-02,7.766666666666667,8.033333333333333,96.6804979253112,Monday
6962181067,2016-05-03,1,394,418,2016-05-03,6.566666666666666,6.966666666666667,94.25837320574163,Tuesday
6962181067,2016-05-04,1,442,455,2016-05-04,7.366666666666666,7.583333333333333,97.14285714285714,Wednesday
6962181067,2016-05-05,1,467,491,2016-05-05,7.783333333333333,8.183333333333334,95.11201629327903,Thursday
6962181067,2016-05-06,1,443,462,2016-05-06,7.383333333333334,7.7,95.88744588744589,Friday
6962181067,2016-05-07,1,298,334,2016-05-07,4.966666666666667,5.566666666666666,89.22155688622755,Saturday
6962181067,2016-05-08,1,541,569,2016-05-08,9.016666666666667,9.483333333333333,95.07908611599298,Sunday
6962181067,2016-05-09,1,489,497,2016-05-09,8.15,8.283333333333333,98.39034205231388,Monday
6962181067,2016-05-10,1,469,481,2016-05-10,7.816666666666666,8.016666666666667,97.5051975051975,Tuesday
6962181067,2016-05-11,1,452,480,2016-05-11,7.533333333333333,8.0,94.16666666666667,Wednesday
6962181067,2016-05-12,1,516,535,2016-05-12,8.6,8.916666666666666,96.44859813084112,Thursday
7007744171,2016-04-16,1,79,82,2016-04-16,1.3166666666666667,1.3666666666666667,96.34146341463415,Saturday
7007744171,2016-05-01,1,58,61,2016-05-01,0.9666666666666667,1.0166666666666666,95.08196721311475,Sunday
7086361926,2016-04-12,1,514,525,2016-04-12,8.566666666666666,8.75,97.90476190476191,Tuesday
7086361926,2016-04-13,1,451,465,2016-04-13,7.516666666666667,7.75,96.98924731182795,Wednesday
7086361926,2016-04-14,1,472,476,2016-04-14,7.866666666666666,7.933333333333334,99.15966386554622,Thursday
7086361926,2016-04-15,1,377,386,2016-04-15,6.283333333333333,6.433333333333334,97.66839378238342,Friday
7086361926,2016-04-19,1,472,483,2016-04-19,7.866666666666666,8.05,97.72256728778468,Tuesday
7086361926,2016-04-20,1,492,502,2016-04-20,8.2,8.366666666666667,98.00796812749005,Wednesday
7086361926,2016-04-21,1,390,411,2016-04-21,6.5,6.85,94.8905109489051,Thursday
7086361926,2016-04-22,1,428,448,2016-04-22,7.133333333333334,7.466666666666667,95.53571428571429,Friday
7086361926,2016-04-24,1,681,704,2016-04-24,11.35,11.733333333333333,96.73295454545455,Sunday
7086361926,2016-04-25,1,446,447,2016-04-25,7.433333333333334,7.45,99.77628635346755,Monday
7086361926,2016-04-26,1,485,500,2016-04-26,8.083333333333334,8.333333333333334,97.0,Tuesday
7086361926,2016-04-27,1,469,479,2016-04-27,7.816666666666666,7.983333333333333,97.91231732776617,Wednesday
7086361926,2016-04-28,1,354,367,2016-04-28,5.9,6.116666666666666,96.45776566757493,Thursday
7086361926,2016-04-30,1,485,489,2016-04-30,8.083333333333334,8.15,99.18200408997954,Saturday
7086361926,2016-05-01,1,388,407,2016-05-01,6.466666666666667,6.783333333333333,95.33169533169533,Sunday
7086361926,2016-05-02,1,440,459,2016-05-02,7.333333333333333,7.65,95.86056644880175,Monday
7086361926,2016-05-03,1,456,461,2016-05-03,7.6,7.683333333333334,98.91540130151843,Tuesday
7086361926,2016-05-04,1,420,436,2016-05-04,7.0,7.266666666666667,96.3302752293578,Wednesday
7086361926,2016-05-06,1,322,333,2016-05-06,5.366666666666666,5.55,96.69669669669669,Friday
7086361926,2016-05-07,1,530,548,2016-05-07,8.833333333333334,9.133333333333333,96.71532846715328,Saturday
7086361926,2016-05-08,1,481,510,2016-05-08,8.016666666666667,8.5,94.31372549019608,Sunday
7086361926,2016-05-09,1,427,438,2016-05-09,7.116666666666666,7.3,97.48858447488584,Monday
7086361926,2016-05-11,1,451,463,2016-05-11,7.516666666666667,7.716666666666667,97.40820734341253,Wednesday
7086361926,2016-05-12,1,444,457,2016-05-12,7.4,7.616666666666666,97.15536105032822,Thursday
8053475328,2016-04-20,1,486,493,2016-04-20,8.1,8.216666666666667,98.58012170385395,Wednesday
8053475328,2016-04-23,1,331,337,2016-04-23,5.516666666666667,5.616666666666666,98.21958456973294,Saturday
8053475328,2016-05-07,1,74,75,2016-05-07,1.2333333333333334,1.25,98.66666666666667,Saturday
8378563200,2016-04-12,1,338,356,2016-04-12,5.633333333333334,5.933333333333334,94.9438202247191,Tuesday
8378563200,2016-04-13,2,447,487,2016-04-13,7.45,8.116666666666667,91.78644763860369,Wednesday
8378563200,2016-04-14,1,424,455,2016-04-14,7.066666666666666,7.583333333333333,93.18681318681318,Thursday
8378563200,2016-04-15,1,513,533,2016-04-15,8.55,8.883333333333333,96.24765478424015,Friday
8378563200,2016-04-16,2,611,689,2016-04-16,10.183333333333334,11.483333333333333,88.67924528301887,Saturday
8378563200,2016-04-17,2,525,591,2016-04-17,8.75,9.85,88.83248730964468,Sunday
8378563200,2016-04-18,1,398,451,2016-04-18,6.633333333333334,7.516666666666667,88.24833702882484,Monday
8378563200,2016-04-19,1,387,421,2016-04-19,6.45,7.016666666666667,91.92399049881234,Tuesday
8378563200,2016-04-20,1,381,409,2016-04-20,6.35,6.816666666666666,93.15403422982885,Wednesday
8378563200,2016-04-21,1,396,417,2016-04-21,6.6,6.95,94.96402877697841,Thursday
8378563200,2016-04-22,1,441,469,2016-04-22,7.35,7.816666666666666,94.02985074626866,Friday
8378563200,2016-04-23,1,565,591,2016-04-23,9.416666666666666,9.85,95.60067681895093,Saturday
8378563200,2016-04-24,1,458,492,2016-04-24,7.633333333333334,8.2,93.08943089430895,Sunday
8378563200,2016-04-25,1,388,402,2016-04-25,6.466666666666667,6.7,96.51741293532339,Monday
8378563200,2016-04-26,1,550,584,2016-04-26,9.166666666666666,9.733333333333333,94.17808219178082,Tuesday
8378563200,2016-04-27,1,531,600,2016-04-27,8.85,10.0,88.5,Wednesday
8378563200,2016-04-28,1,506,556,2016-04-28,8.433333333333334,9.266666666666667,91.00719424460432,Thursday
8378563200,2016-04-29,1,527,562,2016-04-29,8.783333333333333,9.366666666666667,93.77224199288257,Friday
8378563200,2016-04-30,1,468,555,2016-04-30,7.8,9.25,84.32432432432432,Saturday
8378563200,2016-05-01,1,475,539,2016-05-01,7.916666666666667,8.983333333333333,88.12615955473099,Sunday
8378563200,2016-05-02,1,351,385,2016-05-02,5.85,6.416666666666667,91.16883116883116,Monday
8378563200,2016-05-03,1,405,429,2016-05-03,6.75,7.15,94.4055944055944,Tuesday
8378563200,2016-05-04,1,441,477,2016-05-04,7.35,7.95,92.45283018867924,Wednesday
8378563200,2016-05-05,1,381,417,2016-05-05,6.35,6.95,91.36690647482014,Thursday
8378563200,2016-05-06,1,323,355,2016-05-06,5.383333333333334,5.916666666666667,90.98591549295774,Friday
8378563200,2016-05-07,2,459,513,2016-05-07,7.65,8.55,89.47368421052632,Saturday
8378563200,2016-05-08,1,545,606,2016-05-08,9.083333333333334,10.1,89.93399339933993,Sunday
8378563200,2016-05-09,1,359,399,2016-05-09,5.983333333333333,6.65,89.97493734335839,Monday
8378563200,2016-05-10,1,342,391,2016-05-10,5.7,6.516666666666667,87.46803069053708,Tuesday
8378563200,2016-05-11,1,368,387,2016-05-11,6.133333333333334,6.45,95.09043927648578,Wednesday
8378563200,2016-05-12,1,496,546,2016-05-12,8.266666666666667,9.1,90.84249084249085,Thursday
8792009665,2016-04-12,1,458,493,2016-04-12,7.633333333333334,8.216666666666667,92.90060851926978,Tuesday
8792009665,2016-04-13,1,531,552,2016-04-13,8.85,9.2,96.19565217391305,Wednesday
8792009665,2016-04-14,1,486,503,2016-04-14,8.1,8.383333333333333,96.62027833001989,Thursday
8792009665,2016-04-15,1,363,377,2016-04-15,6.05,6.283333333333333,96.28647214854111,Friday
8792009665,2016-04-20,1,528,547,2016-04-20,8.8,9.116666666666667,96.52650822669105,Wednesday
8792009665,2016-04-22,1,391,407,2016-04-22,6.516666666666667,6.783333333333333,96.06879606879608,Friday
8792009665,2016-04-23,1,339,360,2016-04-23,5.65,6.0,94.16666666666667,Saturday
8792009665,2016-04-27,1,423,428,2016-04-27,7.05,7.133333333333334,98.83177570093457,Wednesday
8792009665,2016-04-28,1,402,416,2016-04-28,6.7,6.933333333333334,96.63461538461539,Thursday
8792009665,2016-04-29,1,398,406,2016-04-29,6.633333333333334,6.766666666666667,98.0295566502463,Friday
8792009665,2016-04-30,1,343,360,2016-04-30,5.716666666666667,6.0,95.27777777777777,Saturday
8792009665,2016-05-01,1,503,527,2016-05-01,8.383333333333333,8.783333333333333,95.44592030360532,Sunday
8792009665,2016-05-02,1,415,423,2016-05-02,6.916666666666667,7.05,98.10874704491725,Monday
8792009665,2016-05-03,1,516,545,2016-05-03,8.6,9.083333333333334,94.67889908256882,Tuesday
8792009665,2016-05-04,1,439,463,2016-05-04,7.316666666666666,7.716666666666667,94.81641468682506,Wednesday
